DokumentType,Titel,Ressort,AdministrerendeMyndighed,JournalNummer,Nummer,År,DokumentId,ACCN,Publiceringsmedie,UndtagetFraOffentliggørelse,GeografiskDækning,UnderskriftDato,PubliceretTidspunkt,SidstPubliceretTidspunkt,BekendtgørelsesDato,HistoriskDato,Historisk,RedaktionelNote,OmtryksNote,AlternativeMedierNote,AnfoerINote,HjemmelVedroerer,SenereAendringer,ÆndrerI,Tiltræder,EliUrl
Lov,Lov om engangstilskud til husstande med lav indkomst og varmekilder omfattet af ekstraordinære prisstigninger i fyringssæsonen 2021-2022,"Klima-, Energi- og Forsyningsministeriet",Energistyrelsen,"Klima-, Energi- og Forsyningsmin.,\nEnergistyrelsen, j.nr. 2022-12002",445,2022,DB000491,A20220044530,Lovtidende A,,Fremgår af forskriften,20220412,20220412,20220412,20220412,,False,,,,,,,,,https://www.retsinformation.dk/eli/lta/2022/445
Lov,Lov om infrastruktur for alternative drivmidler til transport,Transportministeriet,,"Transportmin., j.nr. 2021-722",412,2022,DG000381,A20220041230,Lovtidende A,,Fremgår af forskriften,20220404,20220405,20220405,20220405,,False,,,,,,,,,https://www.retsinformation.dk/eli/lta/2022/412
Lov,Lov om restriktioner på transaktioner med kontanter og værdipapirer i danske kroner til Rusland og Belarus,Erhvervsministeriet,,"Erhvervsmin., \nFinanstilsynet, j.nr. 22-004618",409,2022,CQ002157,A20220040930,Lovtidende A,,Fremgår af forskriften,20220331,20220331,20220331,20220331,,False,,,,,,,,,https://www.retsinformation.dk/eli/lta/2022/409
Lov,Lov om boligforhold,Indenrigs- og Boligministeriet,,"Indenrigs- og Boligmin., j.nr. 2021-2262",342,2022,DE000220,A20220034230,Lovtidende A,,Fremgår af forskriften,20220322,20220323,20220330,20220323,,False,,,,,,,,,https://www.retsinformation.dk/eli/lta/2022/342
Lov,Lov om leje,Indenrigs- og Boligministeriet,,"Indenrigs- og Boligmin., j.nr. 2021-2261",341,2022,DE000219,A20220034130,Lovtidende A,,Fremgår af forskriften,20220322,20220323,20220330,20220323,,False,,,,,,,,,https://www.retsinformation.dk/eli/lta/2022/341
Lov,"Lov om midlertidig opholdstilladelse til personer, der er fordrevet fra Ukraine",Udlændinge- og Integrationsministeriet,,"Udlændinge- og Integrationsmin., j.nr. 2022-3807",324,2022,CS001238,A20220032430,Lovtidende A,,Fremgår af forskriften,20220316,20220317,20220317,20220317,,False,,,,,,,,,https://www.retsinformation.dk/eli/lta/2022/324
Lov,Lov om indfødsrets meddelelse,Udlændinge- og Integrationsministeriet,,"Udlændinge- og Integrationsmin., j.nr. 2021-2325",2585,2021,CS001180,A20210258530,Lovtidende A,,Fremgår af forskriften,20211228,20211229,20211229,20211229,,False,,,,,,,,,https://www.retsinformation.dk/eli/lta/2021/2585
Lov,"Lov om Hav-, Fiskeri- og Akvakulturfonden","Ministeriet for Fødevarer, Landbrug og Fiskeri",Fiskeristyrelsen,"Ministeriet for Fødevarer, Landbrug og Fiskeri, j.nr. 2021-1999",2584,2021,DC000470,A20210258430,Lovtidende A,,Fremgår af forskriften,20211228,20211229,20211229,20211229,,False,,,,,,,,,https://www.retsinformation.dk/eli/lta/2021/2584
Lov,"Lov om fastsættelse af udgiftslofter for stat, kommuner og regioner for finansåret 2025",Finansministeriet,,"Finansmin., j.nr. 2021-5590",2583,2021,AE002953,A20210258330,Lovtidende A,,Fremgår af forskriften,20211228,20211229,20211229,20211229,,False,,,,,,,,,https://www.retsinformation.dk/eli/lta/2021/2583
Lov,"Lov for Grønland om identifikation af aktionærer, videregivelse af oplysninger og lettelse af udøvelsen af aktionærrettigheder",Erhvervsministeriet,,"Erhvervsmin., \nErhvervsstyrelsen, j.nr. 2021-10348",2582,2021,CQ002023,A20210258230,Lovtidende A,,Kun Grønland,20211228,20211229,20211229,20211229,,False,,,,,,,,,https://www.retsinformation.dk/eli/lta/2021/2582
Lov,Lov om projektering og anlæg af en energiø i Nordsøen,"Klima-, Energi- og Forsyningsministeriet",Energistyrelsen,"Klima-, Energi- og Forsyningsmin.,\nEnergistyrelsen, j.nr. 2020-9930",2379,2021,DB000416,A20210237930,Lovtidende A,,Fremgår af forskriften,20211214,20211215,20211215,20211215,,False,,,,,,,,,https://www.retsinformation.dk/eli/lta/2021/2379
Lov,Lov om gennemførelse af protokol til ændring af dobbeltbeskatningsoverenskomsten mellem Kongeriget Danmark og Forbundsrepublikken Tyskland,Skatteministeriet,Skatteforvaltningen,"Skattemin., j.nr. 2017-4282",2191,2021,AN015274,A20210219130,Lovtidende A,,Fremgår af forskriften,20211130,20211201,20211201,20211201,,False,,,,,,,,,https://www.retsinformation.dk/eli/lta/2021/2191
Lov,Lov om gennemførelse af protokol om ændring af dobbeltbeskatningsoverenskomsten mellem Kongeriget Danmark og Ukraine,Skatteministeriet,Skatteforvaltningen,"Skattemin., j.nr. 2018-912",2190,2021,AN015273,A20210219030,Lovtidende A,,Fremgår af forskriften,20211130,20211201,20211201,20211201,,False,,,,,,,,,https://www.retsinformation.dk/eli/lta/2021/2190
Lov,"Lov om arbejdsgiveres adgang til at pålægge lønmodtagere forevisning af coronapas, test for covid-19 m.v.",Beskæftigelsesministeriet,,"Beskæftigelsesmin., j.nr. 2021-10331",2098,2021,BE009122,A20210209830,Lovtidende A,,Fremgår af forskriften,20211125,20211126,20211126,20211126,,False,,,,,,,,,https://www.retsinformation.dk/eli/lta/2021/2098
Lov,"Lov om midlertidig opholdstilladelse til personer, der i Afghanistan har bistået danske myndigheder m.v.",Udlændinge- og Integrationsministeriet,,"Udlændinge- og Integrationsmin., j.nr. 2021-15518",2055,2021,CS001138,A20210205530,Lovtidende A,,Fremgår af forskriften,20211116,20211117,20211117,20211117,,False,,,,,,,,,https://www.retsinformation.dk/eli/lta/2021/2055
Lov,Lov om Slots- og Kulturstyrelsens kontrol og tilsyn med covid-19-kompensationsordninger m.v. på Kulturministeriets område,Kulturministeriet,Kulturministeriet,"Kulturmin., j.nr. 2021-88",2054,2021,AK001903,A20210205430,Lovtidende A,,Fremgår af forskriften,20211116,20211117,20211117,20211117,,False,,,,,,,,,https://www.retsinformation.dk/eli/lta/2021/2054
Lov,Lov om fornyelse af overenskomster og aftaler for sygeplejersker,Beskæftigelsesministeriet,,"Beskæftigelsesmin., j.nr. 2021-5809",1722,2021,BE009026,A20210172230,Lovtidende A,,Fremgår af forskriften,20210827,20210828,20210828,20210828,,False,,,,,,,,,https://www.retsinformation.dk/eli/lta/2021/1722
Lov,Lov om beskyttelse af whistleblowere,Justitsministeriet,,"Justitsmin., j.nr. 2019-60-0035",1436,2021,AA012525,A20210143630,Lovtidende A,,Fremgår af forskriften,20210629,20210630,20210630,20210630,,False,,,,,,,,,https://www.retsinformation.dk/eli/lta/2021/1436
Lov,Lov om indfødsrets meddelelse,Udlændinge- og Integrationsministeriet,,Udlændinge- og Integrationsmin. j.nr. 2020-12363,1158,2021,CS001069,A20210115830,Lovtidende A,,Fremgår af forskriften,20210608,20210609,20210609,20210609,,False,,,,,,,,,https://www.retsinformation.dk/eli/lta/2021/1158
Lov,Lov om anlæg af Lynetteholm,Transportministeriet,,"Transportmin., j.nr. 2020-2513",1157,2021,DG000113,A20210115730,Lovtidende A,,Fremgår af forskriften,20210611,20210609,20210611,20210609,,False,,"Loven blev i Statsråd godkendt til efterfølgende stadfæstelse uden for Statsråd. Loven er fejlagtigt blevet registeret som stadfæstet på dagen for Statsrådet og ikke den faktiske stadfæstelse, der skete uden for Statsråd. Loven er derfor blevet omtrykt.",,,,,,,https://www.retsinformation.dk/eli/lta/2021/1157
Lov,Lov om leverandørsikkerhed i den kritiske teleinfrastruktur,Forsvarsministeriet,,"Forsvarsmin., j.nr. 2020/008733",1156,2021,AG000986,A20210115630,Lovtidende A,,Fremgår af forskriften,20210608,20210609,20210615,20210609,,False,,,,,,,,,https://www.retsinformation.dk/eli/lta/2021/1156
Lov,Lov om fondsmæglerselskaber og investeringsservice og -aktiviteter,Erhvervsministeriet,,"Erhvervsmin.,\nFinanstilsynet, j.nr. 141-0035",1155,2021,CQ001777,A20210115530,Lovtidende A,,Fremgår af forskriften,20210608,20210609,20210609,20210609,,False,,,,,,LOV nr 2382 af 14/12/2021,,,https://www.retsinformation.dk/eli/lta/2021/1155
Lov,Lov om hjemrejse for udlændinge uden lovligt ophold (hjemrejseloven),Udlændinge- og Integrationsministeriet,,"Udlændinge- og Integrationsmin., j.nr. 2020-17129",982,2021,CS001064,A20210098230,Lovtidende A,,Fremgår af forskriften,20210526,20210527,20210527,20210527,,False,,,,,,"LOV nr 1191 af 08/06/2021,LOV nr 1192 af 08/06/2021,LOV nr 2055 af 16/11/2021,LOV nr 324 af 16/03/2022",,,https://www.retsinformation.dk/eli/lta/2021/982
Lov,Lov om velfærdsaftaler på dagtilbudsområdet og folkeskoleområdet,Børne- og Undervisningsministeriet,,"Børne- og Undervisningsmin., j.nr. 21/01519",880,2021,DA000545,A20210088030,Lovtidende A,,Fremgår af forskriften,20210512,20210513,20210513,20210513,,False,,,,,,,,,https://www.retsinformation.dk/eli/lta/2021/880
Lov,Lov om velfærdsaftaler på ældreområdet,Social- og Ældreministeriet,,"Social- og Ældremin., j.nr. 2021-2542",879,2021,DH000161,A20210087930,Lovtidende A,,Fremgår af forskriften,20210512,20210513,20210513,20210513,,False,,,,,,,,,https://www.retsinformation.dk/eli/lta/2021/879
Lov,Lov om kontant og skattefri udbetaling af efterlønsbidrag og fleksydelsesbidrag i 2022,Beskæftigelsesministeriet,Styrelsen for Arbejdsmarked og Rekruttering,"Beskæftigelsesmin.,\nStyrelsen for Arbejdsmarked og Rekruttering, j.nr. 20/19674",876,2021,BE008896,A20210087630,Lovtidende A,,Fremgår af forskriften,20210512,20210513,20210513,20210513,,False,,,,,,,,,https://www.retsinformation.dk/eli/lta/2021/876
Lov,Lov om screening af visse udenlandske direkte investeringer m.v. i Danmark (investeringsscreeningsloven),Erhvervsministeriet,,"Erhvervsmin.,\nErhvervsstyrelsen, j.nr. 2020-12444",842,2021,CQ001739,A20210084230,Lovtidende A,,Fremgår af forskriften,20210510,20210511,20210511,20210511,,False,,,,,,,,,https://www.retsinformation.dk/eli/lta/2021/842
Lov,Lov om MitID og NemLog-in,Finansministeriet,,"Finansmin.,\nDigitaliseringsstyrelsen, j.nr. 2018-489",783,2021,AE002888,A20210078330,Lovtidende A,,Fremgår af forskriften,20210504,20210505,20210505,20210505,,False,,,,,,,,,https://www.retsinformation.dk/eli/lta/2021/783
Lov,"Lov om supplerende bestemmelser til forordningen om ENISA (Den Europæiske Unions Agentur for Cybersikkerhed), om cybersikkerhedscertificering af informations- og kommunikationsteknologi og om ophævelse af forordning (EU) nr. 526/2013 (forordningen om cybersikkerhed) (lov om cybersikkerhedscertificering)",Erhvervsministeriet,,"Erhvervsmin., j.nr. EMN-00-01-000008",780,2021,CQ001729,A20210078030,Lovtidende A,,Fremgår af forskriften,20210504,20210505,20210505,20210505,,False,,,,,,,,,https://www.retsinformation.dk/eli/lta/2021/780
Lov,Lov om urimelig handelspraksis i relationer mellem virksomheder i landbrugs- og fødevareforsyningskæden,Erhvervsministeriet,,"Erhvervsmin.,\nKonkurrence- og Forbrugerstyrelsen, j.nr. 19/06399",719,2021,CQ001712,A20210071930,Lovtidende A,,Fremgår af forskriften,20210427,20210428,20210428,20210428,,False,,,,,,,,,https://www.retsinformation.dk/eli/lta/2021/719
Lov,Lov om bemyndigelse til opsigelse af dobbeltbeskatningsoverenskomst med Trinidad og Tobago,Skatteministeriet,Skatteforvaltningen,"Skattemin., j.nr. 2020-8152",708,2021,AN014895,A20210070830,Lovtidende A,,Fremgår af forskriften,20210426,20210427,20210629,20210427,,False,Skatteministeren har med virkning fra den 1. januar 2022 opsagt dobbeltbeskatningsoverenskomsten med Trinidad og Tobago. Der er tale om bekendtgørelse nr. 88 af 12. oktober 1971 af overenskomst af 20. juni 1969 med Trinidad og Tobago til undgåelse af dobbeltbeskatning og forhindring af beskatningsunddragelse for så vidt angår indkomstskat samt til fremme af international handel og investering.,,,,,,,,https://www.retsinformation.dk/eli/lta/2021/708
Lov,Lov om retsafgifter,Justitsministeriet,,"Justitsmin., j.nr. 2019-4000-0141",425,2021,AA012360,A20210042530,Lovtidende A,,Fremgår af forskriften,20210316,20210317,20220208,20210317,,False,,,,,,,,,https://www.retsinformation.dk/eli/lta/2021/425
Lov,Lov om forbud mod modtagelse af donationer fra visse fysiske og juridiske personer,Udlændinge- og Integrationsministeriet,,"Udlændinge- og integrationsmin., j.nr. 2020-3082",414,2021,CS001005,A20210041430,Lovtidende A,,Fremgår af forskriften,20210313,20210314,20210314,20210314,,False,,,,,,,,,https://www.retsinformation.dk/eli/lta/2021/414
Lov,Lov om epidemier m.v. (epidemiloven),Sundhedsministeriet,,"Sundhedsmin., j.nr. 2007933",285,2021,DI000045,A20210028530,Lovtidende A,,Fremgår af forskriften,20210227,20210228,20210228,20210228,,False,,,,,,LOV nr 1441 af 29/06/2021,,,https://www.retsinformation.dk/eli/lta/2021/285
Lov,"Lov om forebyggelse af smitte med covid-19, når arbejdsgivere stiller bolig til rådighed for ansatte",Indenrigs- og Boligministeriet,,"Indenrigs- og Boligmin., j.nr. 2020-8389",159,2021,DE000008,A20210015930,Lovtidende A,,Fremgår af forskriften,20210202,20210202,20210202,20210202,,False,,,,,,LOV nr 1440 af 29/06/2021,,,https://www.retsinformation.dk/eli/lta/2021/159
Lov,Lov om varsling af ferie m.v. som følge af den genindførte lønkompensationsordning i forbindelse med håndteringen af covid-19,Beskæftigelsesministeriet,Styrelsen for Arbejdsmarked og Rekruttering,"Beskæftigelsesmin.,\nStyrelsen for Arbejdsmarked og Rekruttering, j.nr. 21/01061",158,2021,BE008776,A20210015830,Lovtidende A,,Fremgår af forskriften,20210202,20210202,20210202,20210202,,False,,,,,,,,,https://www.retsinformation.dk/eli/lta/2021/158
Lov,Lov om rentefrie lån svarende til indberettet A-skat og arbejdsmarkedsbidrag i forbindelse med covid-19,Skatteministeriet,Skatteforvaltningen,"Skattemin., j.nr. 2020-10952",122,2021,AN014799,A20210012230,Lovtidende A,,Fremgår af forskriften,20210130,20210131,20210223,20210131,,False,,,,,,"LOV nr 248 af 23/02/2021,LOV nr 779 af 04/05/2021",,,https://www.retsinformation.dk/eli/lta/2021/122
Lov,Lov om indfødsrets meddelelse,Udlændinge- og Integrationsministeriet,,"Udlændinge- og Integrationsmin., j.nr. 2020-1314",2188,2020,CS000948,A20200218830,Lovtidende A,,Fremgår af forskriften,20201229,20201230,20201230,20201230,,False,,,,,,,,,https://www.retsinformation.dk/eli/lta/2020/2188
Lov,Lov om Tilsynet med told- og skatteforvaltningens it-område,Skatteministeriet,Skatteforvaltningen,"Skattemin., j.nr. 2019-9776",2187,2020,AN014754,A20200218730,Lovtidende A,,Fremgår af forskriften,20201229,20201230,20210223,20201230,,False,,,,,,,,,https://www.retsinformation.dk/eli/lta/2020/2187
Lov,Lov om Den Danske Klimaskovfond,Miljøministeriet,Miljøministeriet,"Miljømin., j.nr. 2020-19179",2186,2020,DD000027,A20200218630,Lovtidende A,,Fremgår af forskriften,20201229,20201230,20220412,20201230,,False,,,,,,,,,https://www.retsinformation.dk/eli/lta/2020/2186
Lov,"Lov om fastsættelse af udgiftslofter for stat, kommuner og regioner for finansåret 2024",Finansministeriet,,"Finansmin., j.nr. 2020-4236",2184,2020,AE002847,A20200218430,Lovtidende A,,Fremgår af forskriften,20201229,20201230,20201230,20201230,,False,,,,,,,,,https://www.retsinformation.dk/eli/lta/2020/2184
Lov,Lov om afgift af polyvinylklorid og ftalater (pvc-afgiftsloven),Skatteministeriet,Skatteforvaltningen,"Skattemin., j.nr. 2020-342",2061,2020,AN014733,A20200206130,Lovtidende A,,Fremgår af forskriften,20201221,20201222,20201222,20201222,,False,,,,,,"LOV nr 1240 af 11/06/2021,LOV nr 2616 af 28/12/2021",,,https://www.retsinformation.dk/eli/lta/2020/2061
Lov,Lov om undersøgelse af visse forhold vedrørende Forsvarets Efterretningstjeneste,Justitsministeriet,,"Justitsmin., j.nr. 2020-759-0161",1938,2020,AA012216,A20200193830,Lovtidende A,,Fremgår af forskriften,20201215,20201216,20201216,20201216,,False,,,,,,,,,https://www.retsinformation.dk/eli/lta/2020/1938
Lov,Lov om videnskabsetisk behandling af kliniske afprøvninger af medicinsk udstyr m.v.,Sundheds- og Ældreministeriet,,"Sundheds- og Ældremin., j.nr. 1903537",1853,2020,CN001498,A20200185330,Lovtidende A,,Fremgår af forskriften,20201209,20201210,20201210,20201210,,False,,,,,,,,,https://www.retsinformation.dk/eli/lta/2020/1853
Lov,Lov om adgang til iværksættelse af midlertidig arbejdsfordeling som led i håndteringen af covid-19,Beskæftigelsesministeriet,,"Beskæftigelsesmin., j.nr. 2020-6309",1336,2020,BE008528,A20200133630,Lovtidende A,,Fremgår af forskriften,20200911,20200912,20200912,20200912,,False,,,,,,"LOV nr 1964 af 15/12/2020,LOV nr 2529 af 21/12/2021",,,https://www.retsinformation.dk/eli/lta/2020/1336
Lov,Lov om engangstilskud til modtagere af forsørgelsesydelser,Beskæftigelsesministeriet,Styrelsen for Arbejdsmarked og Rekruttering,"Beskæftigelsesmin.,\nStyrelsen for Arbejdsmarked og Rekruttering, j.nr. 20/13095",1222,2020,BE008500,A20200122230,Lovtidende A,,Fremgår af forskriften,20200821,20200822,20200822,20200822,,False,,,,,,,,,https://www.retsinformation.dk/eli/lta/2020/1222
Lov,Lov om indfødsrets meddelelse,Udlændinge- og Integrationsministeriet,,"Udlændinge- og Integrationsmin., j.nr. 2019-12201",966,2020,CS000834,A20200096630,Lovtidende A,,Fremgår af forskriften,20200626,20200627,20200627,20200627,,False,,,,,,,,,https://www.retsinformation.dk/eli/lta/2020/966
Lov,Retsplejelov for Færøerne,Justitsministeriet,,"Justitsmin., j.nr. ",964,2020,AA011933,A20200096430,Lovtidende A,,Kun Færøerne,20200626,20200627,20200627,20200627,,False,,,,,,,,,https://www.retsinformation.dk/eli/lta/2020/964
Lov,Lov om forbud mod udbud af opgavebesvarelser m.v. til eksaminander på en uddannelsesinstitution under Børne- og Undervisningsministeriet eller Uddannelses- og Forskningsministeriet,Børne- og Undervisningsministeriet,,"Børne- og Undervisningsmin., j.nr. 20/00131",963,2020,DA000283,A20200096330,Lovtidende A,,Fremgår af forskriften,20200626,20200627,20200627,20200627,,False,,,,,,,,,https://www.retsinformation.dk/eli/lta/2020/963
Lov,Lov om varsling af ferie i den forlængede lønkompensationsperiode,Beskæftigelsesministeriet,Styrelsen for Arbejdsmarked og Rekruttering,"Beskæftigelsesmin.,\nStyrelsen for Arbejdsmarked og Rekruttering, j.nr. 20/10563",958,2020,BE008465,A20200095830,Lovtidende A,,Fremgår af forskriften,20200626,20200626,20200626,20200626,,False,,,,,,,,,https://www.retsinformation.dk/eli/lta/2020/958
Lov,Lov om ejerlejligheder,Transport- og Boligministeriet,,"Transport- og Boligmin., j.nr. 2019-4355",908,2020,CZ000259,A20200090830,Lovtidende A,,Fremgår af forskriften,20200618,20200619,20200619,20200619,,False,,,,,,LOV nr 341 af 22/03/2022,,,https://www.retsinformation.dk/eli/lta/2020/908
Lov,Lov om udbygning og drift af Flyvestation Skrydstrup,Forsvarsministeriet,,"Forsvarsmin., j.nr. 2019/000715",881,2020,AG000931,A20200088130,Lovtidende A,,Fremgår af forskriften,20200616,20200617,20210416,20200617,,False,,,,,,,,,https://www.retsinformation.dk/eli/lta/2020/881
Lov,Lov om Seniorpensionsenheden,Beskæftigelsesministeriet,Styrelsen for Arbejdsmarked og Rekruttering,"Beskæftigelsesmin.,\nStyrelsen for Arbejdsmarked og Rekruttering, j.nr. 20/02008",869,2020,BE008429,A20200086930,Lovtidende A,,Fremgår af forskriften,20200614,20200614,20200614,20200614,,False,,,,,,LOV nr 2190 af 29/12/2020,,,https://www.retsinformation.dk/eli/lta/2020/869
Lov,Lov om salg og markedsføring af lattergas til forbrugere,Erhvervsministeriet,,"Erhvervsmin.,\nSikkerhedsstyrelsen, j.nr. EMN-00-01-000001",800,2020,CQ001298,A20200080030,Lovtidende A,,Fremgår af forskriften,20200609,20200610,20200610,20200610,,False,,,,,,,,,https://www.retsinformation.dk/eli/lta/2020/800
Lov,Lov om produkter og markedsovervågning,Erhvervsministeriet,,"Erhvervsmin.,\nSikkerhedsstyrelsen, j.nr. EMN-00-01-000001",799,2020,CQ001297,A20200079930,Lovtidende A,,Fremgår af forskriften,20200609,20200610,20200610,20200610,,False,,,,,,"LOV nr 782 af 04/05/2021,LOV nr 2396 af 14/12/2021",,,https://www.retsinformation.dk/eli/lta/2020/799
Lov,Lov om ædle metaller og konfliktmineraler,Erhvervsministeriet,,"Erhvervsmin.,\nSikkerhedsstyrelsen, j.nr. 20/02295-4",798,2020,CQ001296,A20200079830,Lovtidende A,,Fremgår af forskriften,20200609,20200610,20200610,20200610,,False,,,,,,,,,https://www.retsinformation.dk/eli/lta/2020/798
Lov,Lov om håndhævelse af Europa-Parlamentets og Rådets forordning om fremme af retfærdighed og gennemsigtighed for brugere af onlineformidlingstjenester,Erhvervsministeriet,,"Erhvervsmin.,\nKonkurrence- og Forbrugerstyrelsen, j.nr. 19/10626",740,2020,CQ001281,A20200074030,Lovtidende A,,Fremgår af forskriften,20200530,20200531,20200531,20200531,,False,,,,,,,,,https://www.retsinformation.dk/eli/lta/2020/740
Lov,Lov om rentefrie lån svarende til angivet moms og lønsumsafgift og fremrykket udbetaling af skattekreditter m.v. i forbindelse med covid-19,Skatteministeriet,Skatteforvaltningen,"Skattemin., j.nr 2020-3026",572,2020,AN014384,A20200057230,Lovtidende A,,Fremgår af forskriften,20200505,20200505,20210416,20200505,,False,,,,,,"LOV nr 1620 af 17/11/2020,LOV nr 248 af 23/02/2021,LOV nr 779 af 04/05/2021,LOV nr 1956 af 19/10/2021",,,https://www.retsinformation.dk/eli/lta/2020/572
Lov,Lov om udskydelse af ferie i forbindelse med covid-19,Beskæftigelsesministeriet,Styrelsen for Arbejdsmarked og Rekruttering,"Beskæftigelsesmin.,\nStyrelsen for Arbejdsmarked og Rekruttering, j.nr. 20/05649",348,2020,BE008370,A20200034830,Lovtidende A,,Fremgår af forskriften,20200402,20200402,20200402,20200402,,False,,,,,,,,,https://www.retsinformation.dk/eli/lta/2020/348
Lov,Lov om arbejdsgiveres og lønmodtageres retsstilling ved lønkompensation af virksomheder i forbindelse med covid-19,Beskæftigelsesministeriet,Beskæftigelsesministeriet,"Beskæftigelsesmin., j.nr. 2020-1474",264,2020,BE008354,A20200026430,Lovtidende A,,Fremgår af forskriften,20200324,20200324,20200324,20200324,,False,,,,,,LOV nr 274 af 26/03/2020,,,https://www.retsinformation.dk/eli/lta/2020/264
Lov,"Lov om midlertidig udskydelse af betalingsfrister for indeholdt A-skat og arbejdsmarkedsbidrag, B-skat og foreløbigt arbejdsmarkedsbidrag samt midlertidig udskydelse af angivelses- og betalingsfrister og forlængelse af afgiftsperioder for moms m.v.",Skatteministeriet,Skatteforvaltningen,"Skattemin., j.nr. 2020-2737",211,2020,AN014348,A20200021130,Lovtidende A,,Fremgår af forskriften,20200317,20200317,20200425,20200317,,False,,,,,,"LOV nr 572 af 05/05/2020,LOV nr 871 af 14/06/2020,LOV nr 1620 af 17/11/2020,LOV nr 248 af 23/02/2021,LOV nr 779 af 04/05/2021,LOV nr 1956 af 19/10/2021",,,https://www.retsinformation.dk/eli/lta/2020/211
Lov,Lov om udlevering til og fra Danmark (udleveringsloven),Justitsministeriet,,"Justitsmin., j.nr. 2019-731-0051",117,2020,AA011776,A20200011730,Lovtidende A,,Fremgår af forskriften,20200211,20200212,20200212,20200212,,False,,,,,,,,,https://www.retsinformation.dk/eli/lta/2020/117
Lov,Lov om indfødsrets meddelelse,Udlændinge- og Integrationsministeriet,,"Udlændinge- og Integrationsmin., j.nr. 2019-556",1553,2019,CS000735,A20190155330,Lovtidende A,,Fremgår af forskriften,20191227,20191228,20191228,20191228,,False,,,,,,,,,https://www.retsinformation.dk/eli/lta/2019/1553
Lov,Lov om anlæg af en Nordhavnstunnel,Transport- og Boligministeriet,,"Transport-, og Boligmin., j.nr. 2018-1610",1552,2019,CZ000114,A20190155230,Lovtidende A,,Fremgår af forskriften,20191227,20191228,20191228,20191228,,False,,,,,,,,,https://www.retsinformation.dk/eli/lta/2019/1552
Lov,Lov om et midlertidigt børnetilskud til visse forsørgere,Beskæftigelsesministeriet,Styrelsen for Arbejdsmarked og Rekruttering,"Beskæftigelsesmin.,\nStyrelsen for Arbejdsmarked og Rekruttering, j.nr. 19/13230",1550,2019,BE008289,A20190155030,Lovtidende A,,Fremgår af forskriften,20191227,20191228,20191228,20191228,,False,,,,,,"LOV nr 1558 af 27/12/2019,LOV nr 781 af 04/05/2021,LOV nr 225 af 15/02/2022",,,https://www.retsinformation.dk/eli/lta/2019/1550
Lov,Lov om anlæg af en ny jernbane over Vestfyn,Transport- og Boligministeriet,,"Transport- og Boligmin., j.nr. 2019-864",1424,2019,CZ000066,A20190142430,Lovtidende A,,Fremgår af forskriften,20191217,20191218,20191218,20191218,,False,,,,,,,,,https://www.retsinformation.dk/eli/lta/2019/1424
Lov,Lov om en aktiv beskæftigelsesindsats,Beskæftigelsesministeriet,,"Beskæftigelsesmin.,\nStyrelsen for Arbejdsmarked og Rekruttering, j. nr. 18/15906",548,2019,BE007992,A20190054830,Lovtidende A,,Fremgår af forskriften,20190507,20190508,20200104,20190508,,False,,,,,,"LOV nr 1574 af 27/12/2019,LOV nr 1556 af 27/12/2019,LOV nr 1557 af 27/12/2019,LOV nr 1583 af 27/12/2019,LOV nr 1559 af 27/12/2019,LOV nr 525 af 27/04/2020,LOV nr 1051 af 30/06/2020,LOV nr 1054 af 30/06/2020,LOV nr 2189 af 29/12/2020,LOV nr 2201 af 29/12/2020,LOV nr 2202 af 29/12/2020,LOV nr 467 af 20/03/2021,LOV nr 466 af 20/03/2021,LOV nr 1160 af 08/06/2021,LOV nr 1238 af 11/06/2021,LOV nr 1171 af 08/06/2021,LOV nr 1437 af 29/06/2021,LOV nr 2152 af 27/11/2021,LOV nr 2588 af 28/12/2021,LOV nr 2589 af 28/12/2021,LOV nr 2590 af 28/12/2021,LOV nr 370 af 28/03/2022",,,https://www.retsinformation.dk/eli/lta/2019/548
Lov,Lov om fjernelse af tatovering med laser,Sundheds- og Ældreministeriet,,"Sundheds- og Ældremin., j.nr. 1604285",493,2019,CN000973,A20190049330,Lovtidende A,,Fremgår af forskriften,20190501,20190502,20190502,20190502,,False,,,,,,,,,https://www.retsinformation.dk/eli/lta/2019/493
Lov,Lov om forbrugslånsvirksomheder,Erhvervsministeriet,,"Erhvervsmin.,\nFinanstilsynet, j.nr. 1911-0032",450,2019,CQ000899,A20190045030,Lovtidende A,,Fremgår af forskriften,20190424,20190425,20190427,20190425,,False,,,,,,"LOV nr 1563 af 27/12/2019,LOV nr 801 af 09/06/2020,LOV nr 1940 af 15/12/2020,LOV nr 2382 af 14/12/2021",,,https://www.retsinformation.dk/eli/lta/2019/450
Lov,Lov om en terrorforsikringsordning på skadesforsikringsområdet,Erhvervsministeriet,,"Erhvervsmin.,\nFinanstilsynet, j.nr.560-0096",367,2019,CQ000894,A20190036730,Lovtidende A,,Fremgår af forskriften,20190409,20190410,20190410,20190410,,False,,,,,,,,,https://www.retsinformation.dk/eli/lta/2019/367
Lov,Lov om jordbrugets anvendelse af gødning og om næringsstofreducerende tiltag,"Ministeriet for Fødevarer, Landbrug og Fiskeri",Landbrugsstyrelsen,"Miljø- og Fødevaremin.,\nLandbrugsstyrelsen, j.nr. 17-1161-000002",338,2019,CK002028,A20190033830,Lovtidende A,,Fremgår af forskriften,20190402,20190403,20190403,20190403,,False,,,,,,LOV nr 1569 af 27/12/2019,,,https://www.retsinformation.dk/eli/lta/2019/338
Lov,Lov om anvendelse af multilateral konvention til gennemførelse af tiltag i dobbeltbeskatningsoverenskomster til forhindring af skatteudhuling og overskudsflytning,Skatteministeriet,Skatteforvaltningen,"Skattemin., j.nr. 2017-6695",327,2019,AN013828,A20190032730,Lovtidende A,,Fremgår af forskriften,20190330,20190331,20190603,20190331,,False,,,,,,LOV nr 2224 af 29/12/2020,,,https://www.retsinformation.dk/eli/lta/2019/327
Lov,"Lov for Grønland om oplysninger, der skal medsendes ved pengeoverførsler",Erhvervsministeriet,,"Erhvervsmin.,\nFinanstilsynet, j.nr. 1068-0032",326,2019,CQ000885,A20190032630,Lovtidende A,,Kun Grønland,20190330,20190331,20190331,20190331,,False,,,,,,,,,https://www.retsinformation.dk/eli/lta/2019/326
Lov,"Lov for Færøerne om oplysninger, der skal medsendes ved pengeoverførsler",Erhvervsministeriet,,"Erhvervsmin.,\nFinanstilsynet, j.nr. 1068-0033",325,2019,CQ000884,A20190032530,Lovtidende A,,Kun Færøerne,20190330,20190331,20190625,20190331,,False,,,,,,,,,https://www.retsinformation.dk/eli/lta/2019/325
Lov,Lov om midlertidig videreførelse af rettigheder efter lov om kommunale og regionale valg og lov om valg af danske medlemmer til Europa-Parlamentet i forbindelse med Det Forenede Kongeriges udtræden af Den Europæiske Union,Social- og Indenrigsministeriet,,"Økonomi- og Indenrigsmin., j.nr. 2018-1778",268,2019,CR001174,A20190026830,Lovtidende A,,Fremgår af forskriften,20190326,20190327,20190327,20190327,,False,,,,,,,,,https://www.retsinformation.dk/eli/lta/2019/268
Lov,Lov om videreførelse af visse rettigheder i forbindelse med Det Forenede Kongeriges udtræden af Den Europæiske Union uden en aftale,Udlændinge- og Integrationsministeriet,,"Udlændinge- og Integrationsmin., j.nr. 2018-20263",264,2019,CS000625,A20190026430,Lovtidende A,,Fremgår af forskriften,20190325,20190326,20190326,20190326,,False,,,,,,LOV nr 1572 af 27/12/2019,,,https://www.retsinformation.dk/eli/lta/2019/264
Lov,Lov om en certificeringsordning for fremmedsprogstolke på sundhedsområdet,Sundheds- og Ældreministeriet,,"Sundheds- og Ældremin., j.nr. 1801599",166,2019,CN000913,A20190016630,Lovtidende A,,Fremgår af forskriften,20190227,20190228,20190228,20190228,,False,,,,,,,,,https://www.retsinformation.dk/eli/lta/2019/166
